{
  "data": {
    "n_listings": 26272,
    "n_sellers_discovered": 1047,
    "n_sellers_meta": 1047,
    "n_active_sellers_5plus": 888,
    "sold_rate": 0.4249010353227771,
    "price_median": 120000.0
  },
  "h1": {
    "n_sellers": 888,
    "best_k": 12,
    "best_silhouette": 0.2081367070495577
  },
  "h2": {
    "kruskal_p": 1.5189576264443948e-09,
    "n_matched_groups": 133,
    "consistency_sold_rho": 0.12503842175999166,
    "consistency_sold_p": 0.00010786154261092965
  },
  "h3": {
    "baseline_ridge_r2": 0.12273330962258751,
    "model_a_r2": 0.17516222693629074,
    "model_b_r2": 0.270725225672843,
    "r2_delta": 0.09556299873655227,
    "rmse_drop_pct": 7.186151760420308,
    "paired_t_p": 0.05080636215000186
  },
  "_saved_at": "2026-05-13T14:54:18.669496"
}