{
  "n_sellers": 84,
  "spearman_n_listings_vs_error": {
    "rho": -0.2607697905344978,
    "p": 0.016584466293808373
  },
  "spearman_n_sold_vs_error": {
    "rho": -0.1979569006472076,
    "p": 0.07107040033953409
  },
  "spearman_error_vs_sold_rate": {
    "rho": -0.18655807946875566,
    "p": 0.0892880328190058
  },
  "novice": {
    "n": 72,
    "median_error": 0.440507233767428
  },
  "veteran": {
    "n": 2,
    "median_error": 0.17220701717817613
  },
  "_saved_at": "2026-04-29T05:24:48.887643"
}