{
  "n_listings": 1232,
  "model_a": {
    "rmse_mean": 326805.99686208146,
    "rmse_std": 92649.29754904288,
    "mae_mean": 136174.40137979755,
    "r2_mean": 0.1565286810956264,
    "r2_std": 0.10517312288724676,
    "fold_rmse": [
      175103.93650455688,
      460100.4782232835,
      307221.6836293805,
      368531.77514951234,
      323072.11080367403
    ],
    "fold_r2": [
      0.01910168042499516,
      0.2923230523786602,
      0.047628330863060286,
      0.21430326093281193,
      0.20928708087860448
    ]
  },
  "model_b": {
    "rmse_mean": 331536.52121631143,
    "rmse_std": 91555.9368816468,
    "mae_mean": 135804.76376091185,
    "r2_mean": 0.18058035513094256,
    "r2_std": 0.10399872598330541,
    "fold_rmse": [
      181459.23169170987,
      466774.59161291766,
      321752.058200609,
      362570.28524053615,
      325126.43933578464
    ],
    "fold_r2": [
      0.044416002056021586,
      0.29700908377235924,
      0.07547547495756157,
      0.28264076067496424,
      0.20336045419380622
    ]
  },
  "rmse_test": {
    "valid": true,
    "t_statistic": -1.4137175081081037,
    "p_value": 0.8848326552897204,
    "mean_diff": -4730.524354230019,
    "n_folds": 5
  },
  "r2_test": {
    "valid": true,
    "t_statistic": 1.8864896933201687,
    "p_value": 0.06614284161084326,
    "mean_diff": 0.024051674035316162,
    "n_folds": 5
  },
  "rmse_drop_pct": -1.447502310132438,
  "_saved_at": "2026-04-28T12:11:01.846172"
}